constructorId,constructorRef,name,nationality,url,color
1,"mclaren","McLaren","British","http://en.wikipedia.org/wiki/McLaren","#FF7B09"
2,"bmw_sauber","BMW Sauber","German","http://en.wikipedia.org/wiki/BMW_Sauber","#016EFF"
3,"williams","Williams","British","http://en.wikipedia.org/wiki/Williams_Grand_Prix_Engineering","#FFFFFF"
4,"renault","Renault","French","http://en.wikipedia.org/wiki/Renault_in_Formula_One","#FFB802"
5,"toro_rosso","Toro Rosso","Italian","http://en.wikipedia.org/wiki/Scuderia_Toro_Rosso","#0074D9"
6,"ferrari","Ferrari","Italian","http://en.wikipedia.org/wiki/Scuderia_Ferrari","#C30301"
7,"toyota","Toyota","Japanese","http://en.wikipedia.org/wiki/Toyota_Racing","#CA223C"
8,"super_aguri","Super Aguri","Japanese","http://en.wikipedia.org/wiki/Super_Aguri_F1","#0074D9"
9,"red_bull","Red Bull","Austrian","http://en.wikipedia.org/wiki/Red_Bull_Racing","#05007D"
10,"force_india","Force India","Indian","http://en.wikipedia.org/wiki/Racing_Point_Force_India","#FF80C7"
11,"honda","Honda","Japanese","http://en.wikipedia.org/wiki/Honda_Racing_F1","#0074D9"
12,"spyker","Spyker","Dutch","http://en.wikipedia.org/wiki/Spyker_F1","#0074D9"
13,"mf1","MF1","Russian","http://en.wikipedia.org/wiki/Midland_F1_Racing","#0074D9"
14,"spyker_mf1","Spyker MF1","Dutch","http://en.wikipedia.org/wiki/Midland_F1_Racing","#0074D9"
15,"sauber","Sauber","Swiss","http://en.wikipedia.org/wiki/Sauber","#0074D9"
16,"bar","BAR","British","http://en.wikipedia.org/wiki/British_American_Racing","#59A14F"
17,"jordan","Jordan","Irish","http://en.wikipedia.org/wiki/Jordan_Grand_Prix","#0074D9"
18,"minardi","Minardi","Italian","http://en.wikipedia.org/wiki/Minardi","#0074D9"
19,"jaguar","Jaguar","British","http://en.wikipedia.org/wiki/Jaguar_Racing","#0074D9"
20,"prost","Prost","French","http://en.wikipedia.org/wiki/Prost_Grand_Prix","#0074D9"
21,"arrows","Arrows","British","http://en.wikipedia.org/wiki/Arrows_Grand_Prix_International","#0074D9"
22,"benetton","Benetton","Italian","http://en.wikipedia.org/wiki/Benetton_Formula","#315D8A"
23,"brawn","Brawn","British","http://en.wikipedia.org/wiki/Brawn_GP","#0074D9"
24,"stewart","Stewart","British","http://en.wikipedia.org/wiki/Stewart_Grand_Prix","#0074D9"
25,"tyrrell","Tyrrell","British","http://en.wikipedia.org/wiki/Tyrrell_Racing","#315D8A"
26,"lola","Lola","British","http://en.wikipedia.org/wiki/MasterCard_Lola","#0074D9"
27,"ligier","Ligier","French","http://en.wikipedia.org/wiki/Ligier","#FFB802"
28,"forti","Forti","Italian","http://en.wikipedia.org/wiki/Forti","#0074D9"
29,"footwork","Footwork","British","http://en.wikipedia.org/wiki/Footwork_Arrows","#0074D9"
30,"pacific","Pacific","British","http://en.wikipedia.org/wiki/Pacific_Racing","#0074D9"
31,"simtek","Simtek","British","http://en.wikipedia.org/wiki/Simtek","#0074D9"
32,"team_lotus","Team Lotus","British","http://en.wikipedia.org/wiki/Team_Lotus","#29773F"
33,"larrousse","Larrousse","French","http://en.wikipedia.org/wiki/Larrousse","#0074D9"
34,"brabham","Brabham","British","http://en.wikipedia.org/wiki/Brabham","#FFFFFF"
35,"dallara","Dallara","Italian","http://en.wikipedia.org/wiki/Dallara","#0074D9"
36,"fondmetal","Fondmetal","Italian","http://en.wikipedia.org/wiki/Fondmetal","#0074D9"
37,"march","March","British","http://en.wikipedia.org/wiki/March_Engineering","#0074D9"
38,"moda","Andrea Moda","Italian","http://en.wikipedia.org/wiki/Andrea_Moda_Formula","#0074D9"
39,"ags","AGS","French","http://en.wikipedia.org/wiki/Automobiles_Gonfaronnaises_Sportives","#0074D9"
40,"lambo","Lambo","Italian","http://en.wikipedia.org/wiki/Modena_(racing_team)","#0074D9"
41,"leyton","Leyton House","British","http://en.wikipedia.org/wiki/Leyton_House","#0074D9"
42,"coloni","Coloni","Italian","http://en.wikipedia.org/wiki/Enzo_Coloni_Racing_Car_Systems","#0074D9"
44,"eurobrun","Euro Brun","Italian","http://en.wikipedia.org/wiki/Euro_Brun","#0074D9"
45,"osella","Osella","Italian","http://en.wikipedia.org/wiki/Osella","#0074D9"
46,"onyx","Onyx","British","http://en.wikipedia.org/wiki/Onyx_(racing_team)","#0074D9"
47,"life","Life","Italian","http://en.wikipedia.org/wiki/Life_(Racing_Team)","#0074D9"
48,"rial","Rial","German","http://en.wikipedia.org/wiki/Rial_%28racing_team%29","#0074D9"
49,"zakspeed","Zakspeed","German","http://en.wikipedia.org/wiki/Zakspeed","#0074D9"
50,"ram","RAM","British","http://en.wikipedia.org/wiki/RAM_Racing","#0074D9"
51,"alfa","Alfa Romeo","Swiss","http://en.wikipedia.org/wiki/Alfa_Romeo_in_Formula_One","#0074D9"
52,"spirit","Spirit","British","http://en.wikipedia.org/wiki/Spirit_(racing_team)","#0074D9"
53,"toleman","Toleman","British","http://en.wikipedia.org/wiki/Toleman","#0074D9"
54,"ats","ATS","Italian","http://en.wikipedia.org/wiki/ATS_(wheels)","#0074D9"
55,"theodore","Theodore","Hong Kong","http://en.wikipedia.org/wiki/Theodore_Racing","#0074D9"
56,"fittipaldi","Fittipaldi","Brazilian","http://en.wikipedia.org/wiki/Fittipaldi_%28constructor%29","#0074D9"
57,"ensign","Ensign","British","http://en.wikipedia.org/wiki/Ensign_%28racing_team%29","#0074D9"
58,"shadow","Shadow","British","http://en.wikipedia.org/wiki/Shadow_Racing_Cars","#0074D9"
59,"wolf","Wolf","Canadian","http://en.wikipedia.org/wiki/Walter_Wolf_Racing","#0074D9"
60,"merzario","Merzario","Italian","http://en.wikipedia.org/wiki/Merzario","#0074D9"
61,"kauhsen","Kauhsen","German","http://en.wikipedia.org/wiki/Kauhsen","#0074D9"
62,"rebaque","Rebaque","Mexican","http://en.wikipedia.org/wiki/Rebaque","#0074D9"
63,"surtees","Surtees","British","http://en.wikipedia.org/wiki/Surtees","#0074D9"
64,"hesketh","Hesketh","British","http://en.wikipedia.org/wiki/Hesketh_Racing","#0074D9"
65,"martini","Martini","French","http://en.wikipedia.org/wiki/Martini_(cars)","#0074D9"
66,"brm","BRM","British","http://en.wikipedia.org/wiki/BRM","#24693D"
67,"penske","Penske","American","http://en.wikipedia.org/wiki/Penske_Racing","#0074D9"
68,"lec","LEC","British","http://en.wikipedia.org/wiki/LEC_(Formula_One)","#0074D9"
69,"mcguire","McGuire","Australian","http://en.wikipedia.org/wiki/McGuire_(Formula_One)","#0074D9"
70,"boro","Boro","Dutch","http://en.wikipedia.org/wiki/Boro_(Formula_One)","#0074D9"
71,"apollon","Apollon","Swiss","http://en.wikipedia.org/wiki/Apollon_(Formula_One)","#0074D9"
72,"kojima","Kojima","Japanese","http://en.wikipedia.org/wiki/Kojima_Engineering","#0074D9"
73,"parnelli","Parnelli","American","http://en.wikipedia.org/wiki/Parnelli","#0074D9"
74,"maki","Maki","Japanese","http://en.wikipedia.org/wiki/Maki_(cars)","#0074D9"
75,"hill","Embassy Hill","British","http://en.wikipedia.org/wiki/Hill_(constructor)","#0074D9"
76,"lyncar","Lyncar","British","http://en.wikipedia.org/wiki/Lyncar","#0074D9"
77,"trojan","Trojan","British","http://en.wikipedia.org/wiki/Trojan_(Racing_team)","#0074D9"
78,"amon","Amon","New Zealand","http://en.wikipedia.org/wiki/Amon_(Formula_One_team)","#0074D9"
79,"token","Token","British","http://en.wikipedia.org/wiki/Token_(Racing_team)","#0074D9"
80,"iso_marlboro","Iso Marlboro","British","http://en.wikipedia.org/wiki/Iso_Marlboro","#0074D9"
81,"tecno","Tecno","Italian","http://en.wikipedia.org/wiki/Tecno","#0074D9"
82,"matra","Matra","French","http://en.wikipedia.org/wiki/Matra","#0074D9"
83,"politoys","Politoys","British","http://en.wikipedia.org/wiki/Frank_Williams_Racing_Cars","#0074D9"
84,"connew","Connew","British","http://en.wikipedia.org/wiki/Connew","#0074D9"
85,"bellasi","Bellasi","Swiss","http://en.wikipedia.org/wiki/Bellasi","#0074D9"
86,"tomaso","De Tomaso","Italian","http://en.wikipedia.org/wiki/De_Tomaso","#0074D9"
87,"cooper","Cooper","British","http://en.wikipedia.org/wiki/Cooper_Car_Company","#0074D9"
88,"eagle","Eagle","American","http://en.wikipedia.org/wiki/Anglo_American_Racers","#0074D9"
89,"lds","LDS","South African","http://en.wikipedia.org/wiki/LDS_(automobile)","#0074D9"
90,"protos","Protos","British","http://en.wikipedia.org/wiki/Protos_(constructor)","#0074D9"
91,"shannon","Shannon","British","http://en.wikipedia.org/wiki/Shannon_(Formula_One)","#0074D9"
92,"scirocco","Scirocco","British","http://en.wikipedia.org/wiki/Scirocco-Powell","#0074D9"
93,"re","RE","Rhodesian","http://en.wikipedia.org/wiki/RE_%28automobile%29","#0074D9"
94,"brp","BRP","British","http://en.wikipedia.org/wiki/British_Racing_Partnership","#0074D9"
95,"porsche","Porsche","German","http://en.wikipedia.org/wiki/Porsche_in_Formula_One","#0074D9"
96,"derrington","Derrington","British","http://en.wikipedia.org/wiki/Derrington-Francis","#0074D9"
97,"gilby","Gilby","British","http://en.wikipedia.org/wiki/Gilby","#0074D9"
98,"stebro","Stebro","Canadian","http://en.wikipedia.org/wiki/Stebro","#0074D9"
99,"emeryson","Emeryson","British","http://en.wikipedia.org/wiki/Emeryson","#0074D9"
100,"enb","ENB","Belgium","http://en.wikipedia.org/wiki/Ecurie_Nationale_Belge","#0074D9"
101,"jbw","JBW","British","http://en.wikipedia.org/wiki/JBW","#0074D9"
102,"ferguson","Ferguson","British","http://en.wikipedia.org/wiki/Ferguson_Research_Ltd.","#0074D9"
103,"mbm","MBM","Swiss","http://en.wikipedia.org/wiki/Monteverdi_Basel_Motors","#0074D9"
104,"behra-porsche","Behra-Porsche","Italian","http://en.wikipedia.org/wiki/Behra-Porsche","#0074D9"
105,"maserati","Maserati","Italian","http://en.wikipedia.org/wiki/Maserati","#C30301"
106,"scarab","Scarab","American","http://en.wikipedia.org/wiki/Scarab_(constructor)","#0074D9"
107,"watson","Watson","American","http://en.wikipedia.org/wiki/A.J._Watson","#0074D9"
108,"epperly","Epperly","American","http://en.wikipedia.org/wiki/Epperly","#0074D9"
109,"phillips","Phillips","American","http://en.wikipedia.org/wiki/Phillips_(constructor)","#0074D9"
110,"lesovsky","Lesovsky","American","http://en.wikipedia.org/wiki/Lesovsky","#0074D9"
111,"trevis","Trevis","American","http://en.wikipedia.org/wiki/Trevis","#0074D9"
112,"meskowski","Meskowski","American","http://en.wikipedia.org/wiki/Meskowski","#0074D9"
113,"kurtis_kraft","Kurtis Kraft","American","http://en.wikipedia.org/wiki/Kurtis_Kraft","#0074D9"
114,"kuzma","Kuzma","American","http://en.wikipedia.org/wiki/Kuzma_(constructor)","#0074D9"
115,"vhristensen","Christensen","American","http://en.wikipedia.org/wiki/Christensen_(constructor)","#0074D9"
116,"ewing","Ewing","American","http://en.wikipedia.org/wiki/Ewing_(constructor)","#0074D9"
117,"aston_martin","Aston Martin","British","http://en.wikipedia.org/wiki/Aston_Martin_in_Formula_One","#0074D9"
118,"vanwall","Vanwall","British","http://en.wikipedia.org/wiki/Vanwall","#0074D9"
119,"moore","Moore","American","http://en.wikipedia.org/wiki/Moore_(constructor)","#0074D9"
120,"dunn","Dunn","American","http://en.wikipedia.org/wiki/Dunn_Engineering","#0074D9"
121,"elder","Elder","American","http://en.wikipedia.org/wiki/Elder_(constructor)","#0074D9"
122,"sutton","Sutton","American","http://en.wikipedia.org/wiki/Sutton_(constructor)","#0074D9"
123,"fry","Fry","British","http://en.wikipedia.org/wiki/Fry_(racing_team)","#0074D9"
124,"tec-mec","Tec-Mec","Italian","http://en.wikipedia.org/wiki/Tec-Mec","#0074D9"
125,"connaught","Connaught","British","http://en.wikipedia.org/wiki/Connaught_Engineering","#0074D9"
126,"alta","Alta","British","http://en.wikipedia.org/wiki/Alta_auto_racing_team","#0074D9"
127,"osca","OSCA","Italian","http://en.wikipedia.org/wiki/Officine_Specializate_Costruzione_Automobili","#0074D9"
128,"gordini","Gordini","French","http://en.wikipedia.org/wiki/Gordini","#0074D9"
129,"stevens","Stevens","American","http://en.wikipedia.org/wiki/Stevens_(constructor)","#0074D9"
130,"bugatti","Bugatti","French","http://en.wikipedia.org/wiki/Bugatti","#0074D9"
131,"mercedes","Mercedes","German","http://en.wikipedia.org/wiki/Mercedes-Benz_in_Formula_One","#02CFBB"
132,"lancia","Lancia","Italian","http://en.wikipedia.org/wiki/Lancia_in_Formula_One","#0074D9"
133,"hwm","HWM","British","http://en.wikipedia.org/wiki/Hersham_and_Walton_Motors","#0074D9"
134,"schroeder","Schroeder","American","http://en.wikipedia.org/wiki/Schroeder_(constructor)","#0074D9"
135,"pawl","Pawl","American","http://en.wikipedia.org/wiki/Pawl_(constructor)","#0074D9"
136,"pankratz","Pankratz","American","http://en.wikipedia.org/wiki/Pankratz","#0074D9"
137,"arzani-volpini","Arzani-Volpini","Italian","http://en.wikipedia.org/wiki/Arzani-Volpini","#0074D9"
138,"nichels","Nichels","American","http://en.wikipedia.org/wiki/Nichels","#0074D9"
139,"bromme","Bromme","American","http://en.wikipedia.org/wiki/Bromme","#0074D9"
140,"klenk","Klenk","German","http://en.wikipedia.org/wiki/Klenk","#0074D9"
141,"simca","Simca","French","http://en.wikipedia.org/wiki/Simca","#0074D9"
142,"turner","Turner","American","http://en.wikipedia.org/wiki/Turner_(constructor)","#0074D9"
143,"del_roy","Del Roy","American","http://en.wikipedia.org/wiki/Del_Roy","#0074D9"
144,"veritas","Veritas","German","http://en.wikipedia.org/wiki/Veritas_(constructor)","#0074D9"
145,"bmw","BMW","German","http://en.wikipedia.org/wiki/BMW","#0074D9"
146,"emw","EMW","East German","http://en.wikipedia.org/wiki/Eisenacher_Motorenwerk","#0074D9"
147,"afm","AFM","German","http://en.wikipedia.org/wiki/Alex_von_Falkenhausen_Motorenbau","#0074D9"
148,"frazer_nash","Frazer Nash","British","http://en.wikipedia.org/wiki/Frazer_Nash","#0074D9"
149,"sherman","Sherman","American","http://en.wikipedia.org/wiki/Sherman_(constructor)","#0074D9"
150,"deidt","Deidt","American","http://en.wikipedia.org/wiki/Deidt","#0074D9"
151,"era","ERA","British","http://en.wikipedia.org/wiki/English_Racing_Automobiles","#0074D9"
152,"butterworth","Aston Butterworth","British","http://en.wikipedia.org/wiki/Aston_Butterworth","#0074D9"
153,"cisitalia","Cisitalia","Italian","http://en.wikipedia.org/wiki/Cisitalia","#0074D9"
154,"lago","Talbot-Lago","French","http://en.wikipedia.org/wiki/Talbot-Lago","#0074D9"
155,"hall","Hall","American","http://en.wikipedia.org/wiki/Hall_(constructor)","#0074D9"
156,"marchese","Marchese","American","http://en.wikipedia.org/wiki/Marchese_(constructor)","#0074D9"
157,"langley","Langley","American","http://en.wikipedia.org/wiki/Langley_(constructor)","#0074D9"
158,"rae","Rae","American","http://en.wikipedia.org/wiki/Rae_(motorsport)","#0074D9"
159,"olson","Olson","American","http://en.wikipedia.org/wiki/Olson_(constructor)","#0074D9"
160,"wetteroth","Wetteroth","American","http://en.wikipedia.org/wiki/Wetteroth","#0074D9"
161,"adams","Adams","American","http://en.wikipedia.org/wiki/Adams_(constructor)","#0074D9"
162,"snowberger","Snowberger","American","http://en.wikipedia.org/wiki/Snowberger","#0074D9"
163,"milano","Milano","Italian","http://en.wikipedia.org/wiki/Scuderia_Milano","#0074D9"
164,"hrt","HRT","Spanish","http://en.wikipedia.org/wiki/Hispania_Racing","#0074D9"
167,"cooper-maserati","Cooper-Maserati","British","http://en.wikipedia.org/wiki/Cooper_Car_Company","#0074D9"
166,"virgin","Virgin","British","http://en.wikipedia.org/wiki/Virgin_Racing","#0074D9"
168,"cooper-osca","Cooper-OSCA","British","http://en.wikipedia.org/wiki/Cooper_Car_Company","#0074D9"
169,"cooper-borgward","Cooper-Borgward","British","http://en.wikipedia.org/wiki/Cooper_Car_Company","#0074D9"
170,"cooper-climax","Cooper-Climax","British","http://en.wikipedia.org/wiki/Cooper_Car_Company","#75BD69"
171,"cooper-castellotti","Cooper-Castellotti","British","http://en.wikipedia.org/wiki/Cooper_Car_Company","#0074D9"
172,"lotus-climax","Lotus-Climax","British","http://en.wikipedia.org/wiki/Team_Lotus","#308344"
173,"lotus-maserati","Lotus-Maserati","British","http://en.wikipedia.org/wiki/Team_Lotus","#0074D9"
174,"de_tomaso-osca","De Tomaso-Osca","Italian","http://en.wikipedia.org/wiki/De_Tomaso","#0074D9"
175,"de_tomaso-alfa_romeo","De Tomaso-Alfa Romeo","Italian","http://en.wikipedia.org/wiki/De_Tomaso","#0074D9"
176,"lotus-brm","Lotus-BRM","British","http://en.wikipedia.org/wiki/Team_Lotus","#0074D9"
177,"lotus-borgward","Lotus-Borgward","British","http://en.wikipedia.org/wiki/Team_Lotus","#0074D9"
178,"cooper-alfa_romeo","Cooper-Alfa Romeo","British","http://en.wikipedia.org/wiki/Cooper_Car_Company","#0074D9"
179,"de_tomaso-ferrari","De Tomaso-Ferrari","Italian","http://en.wikipedia.org/wiki/De_Tomaso","#0074D9"
180,"lotus-ford","Lotus-Ford","British","http://en.wikipedia.org/wiki/Team_Lotus","#0074D9"
181,"brabham-brm","Brabham-BRM","British","http://en.wikipedia.org/wiki/Brabham","#0074D9"
182,"brabham-ford","Brabham-Ford","British","http://en.wikipedia.org/wiki/Brabham","#0074D9"
183,"brabham-climax","Brabham-Climax","British","http://en.wikipedia.org/wiki/Brabham","#0074D9"
184,"lds-climax","LDS-Climax","South African","http://en.wikipedia.org/wiki/LDS_(automobile)","#0074D9"
185,"lds-alfa_romeo","LDS-Alfa Romeo","South African","http://en.wikipedia.org/wiki/LDS_(automobile)","#0074D9"
186,"cooper-ford","Cooper-Ford","British","http://en.wikipedia.org/wiki/Cooper_Car_Company","#0074D9"
187,"mclaren-ford","McLaren-Ford","British","http://en.wikipedia.org/wiki/Team_McLaren","#FF7B09"
188,"mclaren-seren","McLaren-Serenissima","British","http://en.wikipedia.org/wiki/Team_McLaren","#0074D9"
189,"eagle-climax","Eagle-Climax","American","http://en.wikipedia.org/wiki/Anglo_American_Racers","#0074D9"
190,"eagle-weslake","Eagle-Weslake","American","http://en.wikipedia.org/wiki/Anglo_American_Racers","#0074D9"
191,"brabham-repco","Brabham-Repco","British","http://en.wikipedia.org/wiki/Brabham","#0074D9"
192,"cooper-ferrari","Cooper-Ferrari","British","http://en.wikipedia.org/wiki/Cooper_Car_Company","#0074D9"
193,"cooper-ats","Cooper-ATS","British","http://en.wikipedia.org/wiki/Cooper_Car_Company","#0074D9"
194,"mclaren-brm","McLaren-BRM","British","http://en.wikipedia.org/wiki/McLaren_(racing)","#0074D9"
195,"cooper-brm","Cooper-BRM","British","http://en.wikipedia.org/wiki/Cooper_Car_Company","#0074D9"
196,"matra-ford","Matra-Ford","French","http://en.wikipedia.org/wiki/Matra","#4F7FAC"
197,"brm-ford","BRM-Ford","British","http://en.wikipedia.org/wiki/BRM","#0074D9"
198,"mclaren-alfa_romeo","McLaren-Alfa Romeo","British","http://en.wikipedia.org/wiki/McLaren_(racing)","#0074D9"
199,"march-alfa_romeo","March-Alfa Romeo","British","http://en.wikipedia.org/wiki/March_Engineering","#0074D9"
200,"march-ford","March-Ford","British","http://en.wikipedia.org/wiki/March_Engineering","#0074D9"
201,"lotus-pw","Lotus-Pratt &amp; Whitney","British","http://en.wikipedia.org/wiki/Team_Lotus","#0074D9"
202,"shadow-ford","Shadow-Ford","British","http://en.wikipedia.org/wiki/Shadow_Racing_Cars","#0074D9"
203,"shadow-matra","Shadow-Matra","British","http://en.wikipedia.org/wiki/Shadow_Racing_Cars","#0074D9"
204,"brabham-alfa_romeo","Brabham-Alfa Romeo","British","http://en.wikipedia.org/wiki/Brabham","#0074D9"
205,"lotus_racing","Lotus","Malaysian","http://en.wikipedia.org/wiki/Lotus_Racing","#0074D9"
206,"marussia","Marussia","Russian","http://en.wikipedia.org/wiki/Marussia_F1","#0074D9"
207,"caterham","Caterham","Malaysian","http://en.wikipedia.org/wiki/Caterham_F1","#0074D9"
208,"lotus_f1","Lotus F1","British","http://en.wikipedia.org/wiki/Lotus_F1","#8DD17D"
209,"manor","Manor Marussia","British","http://en.wikipedia.org/wiki/Manor_Motorsport","#0074D9"
210,"haas","Haas F1 Team","American","http://en.wikipedia.org/wiki/Haas_F1_Team","#0074D9"
211,"racing_point","Racing Point","British","http://en.wikipedia.org/wiki/Racing_Point_F1_Team","#0074D9"
213,"alphatauri","AlphaTauri","Italian","http://en.wikipedia.org/wiki/Scuderia_AlphaTauri","#0074D9"
214,"alpine","Alpine F1 Team","French","http://en.wikipedia.org/wiki/Alpine_F1_Team","#0074D9"
